{"ETH": 2038.04, "USDC": 1.00, "AERO": 0.31, "DEGEN": 0.000680, "BRETT": 0.00611}
